-- --------------------------------------------------------
-- Host:                         127.0.0.1
-- Server version:               5.7.33 - MySQL Community Server (GPL)
-- Server OS:                    Win64
-- HeidiSQL Version:             11.2.0.6213
-- --------------------------------------------------------

/*!40101 SET @OLD_CHARACTER_SET_CLIENT=@@CHARACTER_SET_CLIENT */;
/*!40101 SET NAMES utf8 */;
/*!50503 SET NAMES utf8mb4 */;
/*!40014 SET @OLD_FOREIGN_KEY_CHECKS=@@FOREIGN_KEY_CHECKS, FOREIGN_KEY_CHECKS=0 */;
/*!40101 SET @OLD_SQL_MODE=@@SQL_MODE, SQL_MODE='NO_AUTO_VALUE_ON_ZERO' */;
/*!40111 SET @OLD_SQL_NOTES=@@SQL_NOTES, SQL_NOTES=0 */;

-- Dumping structure for table sayur.ci_sessions
CREATE TABLE IF NOT EXISTS `ci_sessions` (
  `id` varchar(128) NOT NULL,
  `ip_address` varchar(45) NOT NULL,
  `timestamp` int(10) unsigned NOT NULL DEFAULT '0',
  `data` blob NOT NULL,
  KEY `ci_sessions_timestamp` (`timestamp`)
) ENGINE=InnoDB DEFAULT CHARSET=utf8mb4;

-- Dumping data for table sayur.ci_sessions: ~27 rows (approximately)
/*!40000 ALTER TABLE `ci_sessions` DISABLE KEYS */;
INSERT INTO `ci_sessions` (`id`, `ip_address`, `timestamp`, `data`) VALUES
	('nh2h85rl0sug37e8dtcfgqrc4d7o9c27', '::1', 1619971464, _binary 0x5F5F63695F6C6173745F726567656E65726174657C693A313631393937313436343B);
INSERT INTO `ci_sessions` (`id`, `ip_address`, `timestamp`, `data`) VALUES
	('p1r5m6ad0gho44noleiu3vf40sq4qbk7', '::1', 1619973639, _binary 0x5F5F63695F6C6173745F726567656E65726174657C693A313631393937333633393B);
INSERT INTO `ci_sessions` (`id`, `ip_address`, `timestamp`, `data`) VALUES
	('glb8ltfrvc6r0uoa4ivpihqs526o8v3p', '::1', 1619974000, _binary 0x5F5F63695F6C6173745F726567656E65726174657C693A313631393937343030303B7265646972656374696F6E7C4E3B);
INSERT INTO `ci_sessions` (`id`, `ip_address`, `timestamp`, `data`) VALUES
	('60pa6bnm27hl15arm4qfdnsrj216sac1', '::1', 1619974607, _binary 0x5F5F63695F6C6173745F726567656E65726174657C693A313631393937343630373B7265646972656374696F6E7C4E3B5F5F4143544956455F53455353494F4E5F444154417C733A3235363A2262643634333163646339353634393364663062346535643131663436343638333237666630393330373062626637303634616266323434383334656332383433653831313035333438623631306435306131333663333465373161346163346135633531373031626639383465613730623966353436646236326634313432354E577A71446F3946392F72545037444A4B4733506E4A4E713174544E7157714F6C64544649334C6E4454675545444F504976775933714D4E337670777A556758714E645A66715A44576E722F6B414679506B652B69744670384635655448476C512B4777644F776F714B39335A4E3175364334506F363847445A545162766D33223B);
INSERT INTO `ci_sessions` (`id`, `ip_address`, `timestamp`, `data`) VALUES
	('6jj4htoa08uds4ipl88oar78uib9mic0', '::1', 1619974947, _binary 0x5F5F63695F6C6173745F726567656E65726174657C693A313631393937343934373B5F5F4143544956455F53455353494F4E5F444154417C733A3235363A22616334633737653032653531663034653162616331313633303932623438313430323964623666316232303566326331616561616462303335643339616631363036393233643762663264373364363138323536613965323266623737343336356631353165313235346333396236386466393062336662646531343337396561412F67454149716B575A304E325435584A4175534952344244776B6638584241723876524E3468434A77505576485462654379423430346C334B732F496B4B436E4D4D357A707558454B7836627943587737757650527A31396E735A595173312B6E526D6C74687033694E5853363531446C2B336E7971344A674D4B704C45223B);
INSERT INTO `ci_sessions` (`id`, `ip_address`, `timestamp`, `data`) VALUES
	('mkpfag5t076lvkraup4j1hl4er3sjbn0', '::1', 1619975084, _binary 0x5F5F63695F6C6173745F726567656E65726174657C693A313631393937343934373B5F5F4143544956455F53455353494F4E5F444154417C733A3235363A2231613663363865316538623564316534326531303630633737653562316266643763333736373065393063363730663131346430323337383430386437613938363833336134613431333139636561316662323730313236363938356337666261366561383739333461613935333965663865313638376265326365313662304B757A5653494C62434E73366F61427A776E3273505158574F7A45304E4A5857704A6D47506458786C643239527731394446585A546141563265755143516E6F4F667746666F31594249346B444D6964636F347845726F6A492F6C4E564B775249476D435A716831326E52547A5A74676738686D507554527442595946325062223B7265646972656374696F6E7C4E3B6F726465725F666C6173687C733A32363A2253746174757320626572686173696C2064697065726261727569223B5F5F63695F766172737C613A313A7B733A31313A226F726465725F666C617368223B733A333A226F6C64223B7D);
INSERT INTO `ci_sessions` (`id`, `ip_address`, `timestamp`, `data`) VALUES
	('ojam30rdjfof9fubdov3bdb48s0520i6', '127.0.0.1', 1619975089, _binary 0x5F5F63695F6C6173745F726567656E65726174657C693A313631393937343936393B5F5F4143544956455F53455353494F4E5F444154417C733A3235363A223433336436373235323135626562616438303562366632383166656266306664396430356639656464306462613661643032303230353463323630303138323863633561383630333337323433393930346165653766616536306439646264646333616435383765366335333237643966356133323631626139373036643537365754705675797258396A4D4A306A73456E54744E4E48495771796136334C4C59432B4A5A586A58752B4555726B6C506738466C5856346D637A6763656546794134446741455570793746693857784E51336373745247526C366447704A7A72395573703745657139657633536759564A30586349627161464E326B4C397433223B);
INSERT INTO `ci_sessions` (`id`, `ip_address`, `timestamp`, `data`) VALUES
	('kgqhae3rr2r9cm1bhvk638dhf4c0o7nl', '::1', 1620051916, _binary 0x5F5F63695F6C6173745F726567656E65726174657C693A313632303035313931363B5F5F4143544956455F53455353494F4E5F444154417C733A3235363A223339366463376662333664363165663566643835356232626439656466633563336366303539336436616634353038396162313561316533643339636233663632346330393464646136346430376338336530336534613536356438633337323062393338656231333666313861333966353732313239663538313839303333615154305146444843447942784B686C7076555A7A4953765A72426F353653584877726735646E7850615865766A576F464576414E795555567066654B30436A706F6F55726A687A626E7536413977484C322B412F7169324D4D784F74615670685841316C716A75306B555238304C6F3968457177656C3578474877674B2B71223B);
INSERT INTO `ci_sessions` (`id`, `ip_address`, `timestamp`, `data`) VALUES
	('6bausplen2lq1d009rgus6hv299i6svp', '::1', 1620052604, _binary 0x5F5F63695F6C6173745F726567656E65726174657C693A313632303035323630343B5F5F4143544956455F53455353494F4E5F444154417C733A3235363A223339366463376662333664363165663566643835356232626439656466633563336366303539336436616634353038396162313561316533643339636233663632346330393464646136346430376338336530336534613536356438633337323062393338656231333666313861333966353732313239663538313839303333615154305146444843447942784B686C7076555A7A4953765A72426F353653584877726735646E7850615865766A576F464576414E795555567066654B30436A706F6F55726A687A626E7536413977484C322B412F7169324D4D784F74615670685841316C716A75306B555238304C6F3968457177656C3578474877674B2B71223B73657474696E67735F666C6173687C733A33303A2250656E6761747572616E20626572686173696C2064697065726261727569223B5F5F63695F766172737C613A313A7B733A31343A2273657474696E67735F666C617368223B733A333A226F6C64223B7D);
INSERT INTO `ci_sessions` (`id`, `ip_address`, `timestamp`, `data`) VALUES
	('c1n7ncbf2dlvmeqhjnrr307cjmfvc7r5', '::1', 1620052604, _binary 0x5F5F63695F6C6173745F726567656E65726174657C693A313632303035323630343B5F5F4143544956455F53455353494F4E5F444154417C733A3235363A223339366463376662333664363165663566643835356232626439656466633563336366303539336436616634353038396162313561316533643339636233663632346330393464646136346430376338336530336534613536356438633337323062393338656231333666313861333966353732313239663538313839303333615154305146444843447942784B686C7076555A7A4953765A72426F353653584877726735646E7850615865766A576F464576414E795555567066654B30436A706F6F55726A687A626E7536413977484C322B412F7169324D4D784F74615670685841316C716A75306B555238304C6F3968457177656C3578474877674B2B71223B73657474696E67735F666C6173687C733A33303A2250656E6761747572616E20626572686173696C2064697065726261727569223B5F5F63695F766172737C613A313A7B733A31343A2273657474696E67735F666C617368223B733A333A226F6C64223B7D);
INSERT INTO `ci_sessions` (`id`, `ip_address`, `timestamp`, `data`) VALUES
	('vg1tu1jhp75b2u837uv1585em9rb1n3i', '::1', 1620094106, _binary 0x5F5F63695F6C6173745F726567656E65726174657C693A313632303039343130363B5F5F4143544956455F53455353494F4E5F444154417C733A3235363A2232376365633962316662393434316330366364623036383132346630333364306562393334313864376361346163313337373265643238333564346330323462623135666261373434346539353764643034336631303230383363376432613561376632303730633134653833623734393131333864663230396462343937634A587259724948465657516A443877445547614D7478784256544672615956454430734530396F49486D553369696B77416C54723472663773726A4E4931523576316176544C48654A64736949696D5159424E4A6972794E5A78784968564634666D4261446A765A7439756C426D4D387955595A762F4A6C6838564A72763176223B);
INSERT INTO `ci_sessions` (`id`, `ip_address`, `timestamp`, `data`) VALUES
	('n54run55igev998b7234roh5e4kn9dah', '::1', 1620094427, _binary 0x5F5F63695F6C6173745F726567656E65726174657C693A313632303039343432373B5F5F4143544956455F53455353494F4E5F444154417C733A3235363A2232376365633962316662393434316330366364623036383132346630333364306562393334313864376361346163313337373265643238333564346330323462623135666261373434346539353764643034336631303230383363376432613561376632303730633134653833623734393131333864663230396462343937634A587259724948465657516A443877445547614D7478784256544672615956454430734530396F49486D553369696B77416C54723472663773726A4E4931523576316176544C48654A64736949696D5159424E4A6972794E5A78784968564634666D4261446A765A7439756C426D4D387955595A762F4A6C6838564A72763176223B);
INSERT INTO `ci_sessions` (`id`, `ip_address`, `timestamp`, `data`) VALUES
	('i8d4edpmuripoalua25afphsmpa3fptm', '::1', 1620096086, _binary 0x5F5F63695F6C6173745F726567656E65726174657C693A313632303039363038363B5F5F4143544956455F53455353494F4E5F444154417C733A3235363A2232376365633962316662393434316330366364623036383132346630333364306562393334313864376361346163313337373265643238333564346330323462623135666261373434346539353764643034336631303230383363376432613561376632303730633134653833623734393131333864663230396462343937634A587259724948465657516A443877445547614D7478784256544672615956454430734530396F49486D553369696B77416C54723472663773726A4E4931523576316176544C48654A64736949696D5159424E4A6972794E5A78784968564634666D4261446A765A7439756C426D4D387955595A762F4A6C6838564A72763176223B);
INSERT INTO `ci_sessions` (`id`, `ip_address`, `timestamp`, `data`) VALUES
	('qp76qqrj9epp0qdo3ab6tciakr12gl2h', '::1', 1620097330, _binary 0x5F5F63695F6C6173745F726567656E65726174657C693A313632303039373333303B5F5F4143544956455F53455353494F4E5F444154417C733A3235363A2232376365633962316662393434316330366364623036383132346630333364306562393334313864376361346163313337373265643238333564346330323462623135666261373434346539353764643034336631303230383363376432613561376632303730633134653833623734393131333864663230396462343937634A587259724948465657516A443877445547614D7478784256544672615956454430734530396F49486D553369696B77416C54723472663773726A4E4931523576316176544C48654A64736949696D5159424E4A6972794E5A78784968564634666D4261446A765A7439756C426D4D387955595A762F4A6C6838564A72763176223B);
INSERT INTO `ci_sessions` (`id`, `ip_address`, `timestamp`, `data`) VALUES
	('d9ovji9rold82610pkd4c88gcagoa3hk', '::1', 1620097639, _binary 0x5F5F63695F6C6173745F726567656E65726174657C693A313632303039373633393B5F5F4143544956455F53455353494F4E5F444154417C733A3235363A2232376365633962316662393434316330366364623036383132346630333364306562393334313864376361346163313337373265643238333564346330323462623135666261373434346539353764643034336631303230383363376432613561376632303730633134653833623734393131333864663230396462343937634A587259724948465657516A443877445547614D7478784256544672615956454430734530396F49486D553369696B77416C54723472663773726A4E4931523576316176544C48654A64736949696D5159424E4A6972794E5A78784968564634666D4261446A765A7439756C426D4D387955595A762F4A6C6838564A72763176223B73657474696E67735F666C6173687C733A33303A2250656E6761747572616E20626572686173696C2064697065726261727569223B5F5F63695F766172737C613A313A7B733A31343A2273657474696E67735F666C617368223B733A333A226F6C64223B7D);
INSERT INTO `ci_sessions` (`id`, `ip_address`, `timestamp`, `data`) VALUES
	('399156cef2ub2g1ij0ohbjlue6s56hv3', '::1', 1620097962, _binary 0x5F5F63695F6C6173745F726567656E65726174657C693A313632303039373936323B5F5F4143544956455F53455353494F4E5F444154417C733A3235363A2232376365633962316662393434316330366364623036383132346630333364306562393334313864376361346163313337373265643238333564346330323462623135666261373434346539353764643034336631303230383363376432613561376632303730633134653833623734393131333864663230396462343937634A587259724948465657516A443877445547614D7478784256544672615956454430734530396F49486D553369696B77416C54723472663773726A4E4931523576316176544C48654A64736949696D5159424E4A6972794E5A78784968564634666D4261446A765A7439756C426D4D387955595A762F4A6C6838564A72763176223B);
INSERT INTO `ci_sessions` (`id`, `ip_address`, `timestamp`, `data`) VALUES
	('fnpaf4ou2novdoe3avvcu9s8okgtfned', '::1', 1620098306, _binary 0x5F5F63695F6C6173745F726567656E65726174657C693A313632303039383330363B5F5F4143544956455F53455353494F4E5F444154417C733A3235363A2232376365633962316662393434316330366364623036383132346630333364306562393334313864376361346163313337373265643238333564346330323462623135666261373434346539353764643034336631303230383363376432613561376632303730633134653833623734393131333864663230396462343937634A587259724948465657516A443877445547614D7478784256544672615956454430734530396F49486D553369696B77416C54723472663773726A4E4931523576316176544C48654A64736949696D5159424E4A6972794E5A78784968564634666D4261446A765A7439756C426D4D387955595A762F4A6C6838564A72763176223B);
INSERT INTO `ci_sessions` (`id`, `ip_address`, `timestamp`, `data`) VALUES
	('tk0lepabupisnsm9ootaita0qqc62p91', '::1', 1620098699, _binary 0x5F5F63695F6C6173745F726567656E65726174657C693A313632303039383639393B5F5F4143544956455F53455353494F4E5F444154417C733A3235363A2232376365633962316662393434316330366364623036383132346630333364306562393334313864376361346163313337373265643238333564346330323462623135666261373434346539353764643034336631303230383363376432613561376632303730633134653833623734393131333864663230396462343937634A587259724948465657516A443877445547614D7478784256544672615956454430734530396F49486D553369696B77416C54723472663773726A4E4931523576316176544C48654A64736949696D5159424E4A6972794E5A78784968564634666D4261446A765A7439756C426D4D387955595A762F4A6C6838564A72763176223B);
INSERT INTO `ci_sessions` (`id`, `ip_address`, `timestamp`, `data`) VALUES
	('k9su0adh49iecbfcjj69ahr8cndu6m8g', '::1', 1620100655, _binary 0x5F5F63695F6C6173745F726567656E65726174657C693A313632303130303635353B5F5F4143544956455F53455353494F4E5F444154417C733A3235363A2232376365633962316662393434316330366364623036383132346630333364306562393334313864376361346163313337373265643238333564346330323462623135666261373434346539353764643034336631303230383363376432613561376632303730633134653833623734393131333864663230396462343937634A587259724948465657516A443877445547614D7478784256544672615956454430734530396F49486D553369696B77416C54723472663773726A4E4931523576316176544C48654A64736949696D5159424E4A6972794E5A78784968564634666D4261446A765A7439756C426D4D387955595A762F4A6C6838564A72763176223B73657474696E67735F666C6173687C733A32373A22426572686173696C206D656E616D62616820646174612062616E6B223B5F5F63695F766172737C613A313A7B733A31343A2273657474696E67735F666C617368223B733A333A226F6C64223B7D);
INSERT INTO `ci_sessions` (`id`, `ip_address`, `timestamp`, `data`) VALUES
	('brgcc1qnr7dlgabsccshm9figm81rdip', '::1', 1620099000, _binary 0x5F5F63695F6C6173745F726567656E65726174657C693A313632303039393030303B5F5F4143544956455F53455353494F4E5F444154417C733A3235363A2232376365633962316662393434316330366364623036383132346630333364306562393334313864376361346163313337373265643238333564346330323462623135666261373434346539353764643034336631303230383363376432613561376632303730633134653833623734393131333864663230396462343937634A587259724948465657516A443877445547614D7478784256544672615956454430734530396F49486D553369696B77416C54723472663773726A4E4931523576316176544C48654A64736949696D5159424E4A6972794E5A78784968564634666D4261446A765A7439756C426D4D387955595A762F4A6C6838564A72763176223B73657474696E67735F666C6173687C733A33303A2250656E6761747572616E20626572686173696C2064697065726261727569223B5F5F63695F766172737C613A313A7B733A31343A2273657474696E67735F666C617368223B733A333A226E6577223B7D);
INSERT INTO `ci_sessions` (`id`, `ip_address`, `timestamp`, `data`) VALUES
	('1og7pgtc34a46idost0uuhifdm3nhd50', '127.0.0.1', 1620099383, _binary 0x5F5F63695F6C6173745F726567656E65726174657C693A313632303039393338333B5F5F4143544956455F53455353494F4E5F444154417C733A3235363A2237623937663132313139616232376131383832313665336435613662316237333033363930333932373637393631333039323266356234666135633839663562326136396265393134656539383030373330373737366666303233633738646332656538386566376436376363633435663834373364343630633865656533656A526C55526651396D414C532B6F54416C4164345A62646E47516E6479522F70376A3066454778384E6B4C376C6B3768793651384B38544353754E68524167664330782B7366704D785471796E774D617676754247356D73305A512B4D53655470466F6E5464392B69564B306D5450516B332F4F6B6F532B3562327042693567223B);
INSERT INTO `ci_sessions` (`id`, `ip_address`, `timestamp`, `data`) VALUES
	('55jumuo7gblbhpdtrma4hvipgdu7d8pb', '127.0.0.1', 1620099574, _binary 0x5F5F63695F6C6173745F726567656E65726174657C693A313632303039393338333B5F5F4143544956455F53455353494F4E5F444154417C733A3235363A2237623937663132313139616232376131383832313665336435613662316237333033363930333932373637393631333039323266356234666135633839663562326136396265393134656539383030373330373737366666303233633738646332656538386566376436376363633435663834373364343630633865656533656A526C55526651396D414C532B6F54416C4164345A62646E47516E6479522F70376A3066454778384E6B4C376C6B3768793651384B38544353754E68524167664330782B7366704D785471796E774D617676754247356D73305A512B4D53655470466F6E5464392B69564B306D5450516B332F4F6B6F532B3562327042693567223B);
INSERT INTO `ci_sessions` (`id`, `ip_address`, `timestamp`, `data`) VALUES
	('tp8h1r0gn8sm6elk9lkqr67adpcvdggm', '::1', 1620101053, _binary 0x5F5F63695F6C6173745F726567656E65726174657C693A313632303130313035333B5F5F4143544956455F53455353494F4E5F444154417C733A3235363A2232376365633962316662393434316330366364623036383132346630333364306562393334313864376361346163313337373265643238333564346330323462623135666261373434346539353764643034336631303230383363376432613561376632303730633134653833623734393131333864663230396462343937634A587259724948465657516A443877445547614D7478784256544672615956454430734530396F49486D553369696B77416C54723472663773726A4E4931523576316176544C48654A64736949696D5159424E4A6972794E5A78784968564634666D4261446A765A7439756C426D4D387955595A762F4A6C6838564A72763176223B);
INSERT INTO `ci_sessions` (`id`, `ip_address`, `timestamp`, `data`) VALUES
	('ngm7k6q3b26bjk4enrr6thi61h71828c', '::1', 1620101054, _binary 0x5F5F63695F6C6173745F726567656E65726174657C693A313632303130313035333B5F5F4143544956455F53455353494F4E5F444154417C733A3235363A2232376365633962316662393434316330366364623036383132346630333364306562393334313864376361346163313337373265643238333564346330323462623135666261373434346539353764643034336631303230383363376432613561376632303730633134653833623734393131333864663230396462343937634A587259724948465657516A443877445547614D7478784256544672615956454430734530396F49486D553369696B77416C54723472663773726A4E4931523576316176544C48654A64736949696D5159424E4A6972794E5A78784968564634666D4261446A765A7439756C426D4D387955595A762F4A6C6838564A72763176223B);
INSERT INTO `ci_sessions` (`id`, `ip_address`, `timestamp`, `data`) VALUES
	('vpsu99i6o6vq66d3hmdr4dqrv3rr6lju', '127.0.0.1', 1620357908, _binary 0x5F5F63695F6C6173745F726567656E65726174657C693A313632303335373635353B5F5F4143544956455F53455353494F4E5F444154417C733A3235363A2234626236343332613561386464326366353037663064613834663436306234393461363565313266623635316630663364623163633930363434376236333461366137623830363861376663353365383235366266666461343231613539363338333163303538393136376531356365663436373266643861386232383361636B4748786630466F59636B3267334D4D42594F552B51715735437A4D546D56673841636656692F4D326D2B75426A70585069557745452B495A6C6169564658726157536F6B6E343038714D48597652476E76304D6D565477454253684452615339774E5653304D764B67326C78746269732F6E324A374A4C73534B3554705653223B73746F72655F666C6173687C733A32363A2250656E646166746172616E20616B756E20626572686173696C21223B5F5F63695F766172737C613A313A7B733A31313A2273746F72655F666C617368223B733A333A226F6C64223B7D);
INSERT INTO `ci_sessions` (`id`, `ip_address`, `timestamp`, `data`) VALUES
	('35bipmenv1prv4j441jddoogbfuko82c', '127.0.0.1', 1698036323, _binary 0x5F5F63695F6C6173745F726567656E65726174657C693A313639383033363331373B);
INSERT INTO `ci_sessions` (`id`, `ip_address`, `timestamp`, `data`) VALUES
	('mm2vrb1dds7amtm5hiosvsualhee6a54', '127.0.0.1', 1698046640, _binary 0x5F5F63695F6C6173745F726567656E65726174657C693A313639383034363634303B);
INSERT INTO `ci_sessions` (`id`, `ip_address`, `timestamp`, `data`) VALUES
	('pbt83eetrr5dj4n8p64b5o18vfgc169l', '127.0.0.1', 1698592615, _binary 0x5F5F63695F6C6173745F726567656E65726174657C693A313639383539323631333B);
/*!40000 ALTER TABLE `ci_sessions` ENABLE KEYS */;

-- Dumping structure for table sayur.contacts
CREATE TABLE IF NOT EXISTS `contacts` (
  `id` int(10) NOT NULL AUTO_INCREMENT,
  `parent_id` int(10) DEFAULT NULL,
  `name` varchar(32) NOT NULL,
  `subject` varchar(128) DEFAULT NULL,
  `email` varchar(64) NOT NULL,
  `message` mediumtext NOT NULL,
  `contact_date` datetime DEFAULT NULL,
  `status` tinyint(1) DEFAULT '1',
  `reply_at` datetime DEFAULT NULL,
  PRIMARY KEY (`id`),
  KEY `FK_contacts_contacts` (`parent_id`),
  CONSTRAINT `FK_contacts_contacts` FOREIGN KEY (`parent_id`) REFERENCES `contacts` (`id`) ON DELETE CASCADE ON UPDATE NO ACTION
) ENGINE=InnoDB AUTO_INCREMENT=2 DEFAULT CHARSET=utf8mb4;

-- Dumping data for table sayur.contacts: ~0 rows (approximately)
/*!40000 ALTER TABLE `contacts` DISABLE KEYS */;
INSERT INTO `contacts` (`id`, `parent_id`, `name`, `subject`, `email`, `message`, `contact_date`, `status`, `reply_at`) VALUES
	(1, NULL, 'Agung Tri Saputra', 'Pengiriman kok lama?', 'martinms.za@gmail.com', 'pengiriman pesanan saya kok lama ya', '2023-09-29 07:40:13', 2, NULL);
/*!40000 ALTER TABLE `contacts` ENABLE KEYS */;

-- Dumping structure for table sayur.coupons
CREATE TABLE IF NOT EXISTS `coupons` (
  `id` bigint(20) NOT NULL AUTO_INCREMENT,
  `name` varchar(191) NOT NULL,
  `code` varchar(32) NOT NULL,
  `credit` decimal(8,2) NOT NULL,
  `start_date` date NOT NULL,
  `expired_date` date NOT NULL,
  `is_active` tinyint(4) DEFAULT '1',
  PRIMARY KEY (`id`)
) ENGINE=InnoDB AUTO_INCREMENT=6 DEFAULT CHARSET=utf8mb4;

-- Dumping data for table sayur.coupons: ~2 rows (approximately)
/*!40000 ALTER TABLE `coupons` DISABLE KEYS */;
INSERT INTO `coupons` (`id`, `name`, `code`, `credit`, `start_date`, `expired_date`, `is_active`) VALUES
	(4, 'Berbagi Ramadhan', 'RAMADHAN2021', 5000.00, '2021-05-02', '2021-05-09', 1);
INSERT INTO `coupons` (`id`, `name`, `code`, `credit`, `start_date`, `expired_date`, `is_active`) VALUES
	(5, 'WELCOME MAY', 'MAY21', 4000.00, '2021-05-01', '2021-05-08', 1);
/*!40000 ALTER TABLE `coupons` ENABLE KEYS */;

-- Dumping structure for table sayur.customers
CREATE TABLE IF NOT EXISTS `customers` (
  `id` bigint(20) NOT NULL AUTO_INCREMENT,
  `user_id` bigint(20) unsigned DEFAULT NULL,
  `name` varchar(191) NOT NULL,
  `phone_number` varchar(32) DEFAULT NULL,
  `address` varchar(191) NOT NULL,
  `profile_picture` varchar(191) DEFAULT NULL,
  PRIMARY KEY (`id`),
  KEY `FK_customers_users` (`user_id`),
  CONSTRAINT `FK_customers_users` FOREIGN KEY (`user_id`) REFERENCES `users` (`id`) ON DELETE NO ACTION ON UPDATE CASCADE
) ENGINE=InnoDB AUTO_INCREMENT=8 DEFAULT CHARSET=utf8mb4;

-- Dumping data for table sayur.customers: ~2 rows (approximately)
/*!40000 ALTER TABLE `customers` DISABLE KEYS */;
INSERT INTO `customers` (`id`, `user_id`, `name`, `phone_number`, `address`, `profile_picture`) VALUES
	(6, 7, 'Agung Tri Saputra', '081328907767', 'Kost Indah Jaya Belakang No. 19, Jl. Medan Baru VI, Kandang Limun, Bengkulu', 'agung.png');
INSERT INTO `customers` (`id`, `user_id`, `name`, `phone_number`, `address`, `profile_picture`) VALUES
	(7, 8, 'Martin Mulyo Syahidin', '08227163734', 'medan', NULL);
/*!40000 ALTER TABLE `customers` ENABLE KEYS */;

-- Dumping structure for table sayur.orders
CREATE TABLE IF NOT EXISTS `orders` (
  `id` bigint(20) NOT NULL AUTO_INCREMENT,
  `user_id` bigint(20) unsigned DEFAULT NULL,
  `coupon_id` bigint(20) DEFAULT NULL,
  `order_number` varchar(16) NOT NULL,
  `order_status` enum('1','2','3','4','5') DEFAULT '1',
  `order_date` datetime NOT NULL,
  `total_price` decimal(8,2) DEFAULT NULL,
  `total_items` int(10) DEFAULT NULL,
  `payment_method` int(11) DEFAULT '1',
  `delivery_data` text,
  `delivered_date` datetime DEFAULT NULL,
  `finish_date` datetime DEFAULT NULL,
  PRIMARY KEY (`id`),
  KEY `FK_orders_users` (`user_id`),
  KEY `FK_orders_coupons` (`coupon_id`),
  CONSTRAINT `FK_orders_coupons` FOREIGN KEY (`coupon_id`) REFERENCES `coupons` (`id`) ON DELETE SET NULL ON UPDATE CASCADE,
  CONSTRAINT `FK_orders_users` FOREIGN KEY (`user_id`) REFERENCES `users` (`id`) ON DELETE NO ACTION ON UPDATE CASCADE
) ENGINE=InnoDB AUTO_INCREMENT=12 DEFAULT CHARSET=utf8mb4;

-- Dumping data for table sayur.orders: ~3 rows (approximately)
/*!40000 ALTER TABLE `orders` DISABLE KEYS */;
INSERT INTO `orders` (`id`, `user_id`, `coupon_id`, `order_number`, `order_status`, `order_date`, `total_price`, `total_items`, `payment_method`, `delivery_data`, `delivered_date`, `finish_date`) VALUES
	(9, 7, NULL, 'ZCV352137461', '3', '2021-05-03 00:03:44', 62000.00, 3, 2, '{"customer":{"name":"Agung Tri Saputra","phone_number":"081328907767","address":"Kost Indah Jaya Belakang No. 19, Jl. Medan Baru VI, Kandang Limun, Bengkulu"},"note":""}', NULL, NULL);
INSERT INTO `orders` (`id`, `user_id`, `coupon_id`, `order_number`, `order_status`, `order_date`, `total_price`, `total_items`, `payment_method`, `delivery_data`, `delivered_date`, `finish_date`) VALUES
	(10, 7, NULL, 'WGY452127307', '1', '2021-05-04 10:31:43', 142000.00, 2, 1, '{"customer":{"name":"Agung Tri Saputra","phone_number":"081328907767","address":"Kost Indah Jaya Belakang No. 19, Jl. Medan Baru VI, Kandang Limun, Bengkulu"},"note":""}', NULL, NULL);
INSERT INTO `orders` (`id`, `user_id`, `coupon_id`, `order_number`, `order_status`, `order_date`, `total_price`, `total_items`, `payment_method`, `delivery_data`, `delivered_date`, `finish_date`) VALUES
	(11, 7, NULL, 'XCB452117342', '2', '2021-05-04 10:35:42', 130000.00, 1, 1, '{"customer":{"name":"Agung Tri Saputra","phone_number":"081328907767","address":"Kost Indah Jaya Belakang No. 19, Jl. Medan Baru VI, Kandang Limun, Bengkulu"},"note":""}', NULL, NULL);
/*!40000 ALTER TABLE `orders` ENABLE KEYS */;

-- Dumping structure for table sayur.order_items
CREATE TABLE IF NOT EXISTS `order_items` (
  `id` bigint(20) NOT NULL AUTO_INCREMENT,
  `order_id` bigint(20) DEFAULT NULL,
  `product_id` bigint(20) DEFAULT NULL,
  `order_qty` int(10) NOT NULL,
  `order_price` decimal(8,2) DEFAULT NULL,
  PRIMARY KEY (`id`),
  KEY `order_id` (`order_id`),
  KEY `product_id` (`product_id`),
  CONSTRAINT `order_items_ibfk_1` FOREIGN KEY (`order_id`) REFERENCES `orders` (`id`) ON DELETE CASCADE ON UPDATE NO ACTION,
  CONSTRAINT `order_items_ibfk_2` FOREIGN KEY (`product_id`) REFERENCES `products` (`id`) ON DELETE CASCADE ON UPDATE NO ACTION
) ENGINE=InnoDB AUTO_INCREMENT=19 DEFAULT CHARSET=utf8mb4;

-- Dumping data for table sayur.order_items: ~6 rows (approximately)
/*!40000 ALTER TABLE `order_items` DISABLE KEYS */;
INSERT INTO `order_items` (`id`, `order_id`, `product_id`, `order_qty`, `order_price`) VALUES
	(13, 9, 9, 1, 35000.00);
INSERT INTO `order_items` (`id`, `order_id`, `product_id`, `order_qty`, `order_price`) VALUES
	(14, 9, 10, 1, 12000.00);
INSERT INTO `order_items` (`id`, `order_id`, `product_id`, `order_qty`, `order_price`) VALUES
	(15, 9, 11, 1, 15000.00);
INSERT INTO `order_items` (`id`, `order_id`, `product_id`, `order_qty`, `order_price`) VALUES
	(16, 10, 1, 2, 65000.00);
INSERT INTO `order_items` (`id`, `order_id`, `product_id`, `order_qty`, `order_price`) VALUES
	(17, 10, 10, 1, 12000.00);
INSERT INTO `order_items` (`id`, `order_id`, `product_id`, `order_qty`, `order_price`) VALUES
	(18, 11, 1, 2, 65000.00);
/*!40000 ALTER TABLE `order_items` ENABLE KEYS */;

-- Dumping structure for table sayur.payments
CREATE TABLE IF NOT EXISTS `payments` (
  `id` bigint(20) NOT NULL AUTO_INCREMENT,
  `order_id` bigint(20) DEFAULT NULL,
  `payment_price` decimal(8,2) DEFAULT NULL,
  `payment_date` datetime NOT NULL,
  `picture_name` varchar(191) DEFAULT NULL,
  `payment_status` enum('1','2','3') DEFAULT '1',
  `confirmed_date` datetime DEFAULT NULL,
  `payment_data` text,
  PRIMARY KEY (`id`),
  KEY `order_id` (`order_id`)
) ENGINE=InnoDB AUTO_INCREMENT=7 DEFAULT CHARSET=utf8mb4;

-- Dumping data for table sayur.payments: ~3 rows (approximately)
/*!40000 ALTER TABLE `payments` DISABLE KEYS */;
INSERT INTO `payments` (`id`, `order_id`, `payment_price`, `payment_date`, `picture_name`, `payment_status`, `confirmed_date`, `payment_data`) VALUES
	(4, 5, 271000.00, '2023-09-29 08:20:39', 'category-1.jpg', '1', NULL, '{"transfer_to":"bri","source":{"bank":"Bank BRI","name":"Agung Tri Saputra","number":"12-345-678-9"}}');
INSERT INTO `payments` (`id`, `order_id`, `payment_price`, `payment_date`, `picture_name`, `payment_status`, `confirmed_date`, `payment_data`) VALUES
	(5, 7, 78000.00, '2023-09-30 08:51:08', 'html5.jpg', '2', NULL, '{"transfer_to":"btn","source":{"bank":"BANK BCA","name":"MMS","number":"123-456"}}');
INSERT INTO `payments` (`id`, `order_id`, `payment_price`, `payment_date`, `picture_name`, `payment_status`, `confirmed_date`, `payment_data`) VALUES
	(6, 11, 130000.00, '2021-05-04 10:39:11', 'REAKSI_ARTILERI-removebg-preview.png', '1', NULL, '{"transfer_to":"bank-jago-xx","source":{"bank":"we","name":"ddf","number":"123"}}');
/*!40000 ALTER TABLE `payments` ENABLE KEYS */;

-- Dumping structure for table sayur.products
CREATE TABLE IF NOT EXISTS `products` (
  `id` bigint(20) NOT NULL AUTO_INCREMENT,
  `category_id` int(10) DEFAULT NULL,
  `sku` varchar(32) DEFAULT NULL,
  `name` varchar(191) NOT NULL,
  `description` varchar(191) DEFAULT NULL,
  `picture_name` varchar(191) DEFAULT NULL,
  `price` decimal(8,2) NOT NULL,
  `current_discount` decimal(8,2) DEFAULT '0.00',
  `stock` int(10) NOT NULL,
  `product_unit` varchar(32) DEFAULT NULL,
  `is_available` tinyint(1) DEFAULT '1',
  `add_date` datetime DEFAULT NULL,
  PRIMARY KEY (`id`),
  KEY `FK_products_product_category` (`category_id`)
) ENGINE=InnoDB AUTO_INCREMENT=15 DEFAULT CHARSET=utf8mb4;

-- Dumping data for table sayur.products: ~11 rows (approximately)
/*!40000 ALTER TABLE `products` DISABLE KEYS */;
INSERT INTO `products` (`id`, `category_id`, `sku`, `name`, `description`, `picture_name`, `price`, `current_discount`, `stock`, `product_unit`, `is_available`, `add_date`) VALUES
	(1, 2, 'SB750372', 'Strawberry', NULL, 'category-2.jpg', 70000.00, 5000.00, 50, 'Kg', 1, '2023-09-26 15:02:52');
INSERT INTO `products` (`id`, `category_id`, `sku`, `name`, `description`, `picture_name`, `price`, `current_discount`, `stock`, `product_unit`, `is_available`, `add_date`) VALUES
	(2, 1, 'BS350420', 'Brokoli', NULL, 'product-6.jpg', 33000.00, 2000.00, 10, 'Kg', 1, '2023-09-26 15:03:40');
INSERT INTO `products` (`id`, `category_id`, `sku`, `name`, `description`, `picture_name`, `price`, `current_discount`, `stock`, `product_unit`, `is_available`, `add_date`) VALUES
	(4, 1, 'TS120790', 'Tomat', NULL, 'product-5.jpg', 10000.00, 0.00, 20, 'Kg', 1, '2023-09-26 19:36:30');
INSERT INTO `products` (`id`, `category_id`, `sku`, `name`, `description`, `picture_name`, `price`, `current_discount`, `stock`, `product_unit`, `is_available`, `add_date`) VALUES
	(5, 1, 'WS120811', 'Wortel', NULL, 'product-7.jpg', 12000.00, 0.00, 20, 'Kg', 1, '2023-09-26 19:36:51');
INSERT INTO `products` (`id`, `category_id`, `sku`, `name`, `description`, `picture_name`, `price`, `current_discount`, `stock`, `product_unit`, `is_available`, `add_date`) VALUES
	(8, 1, 'PS220885', 'Paprika', NULL, 'product-12.jpg', 20000.00, 0.00, 20, 'Kg', 1, '2023-09-26 19:38:05');
INSERT INTO `products` (`id`, `category_id`, `sku`, `name`, `description`, `picture_name`, `price`, `current_discount`, `stock`, `product_unit`, `is_available`, `add_date`) VALUES
	(9, 2, 'AB450163', 'Apel', NULL, 'product-10.jpg', 40000.00, 5000.00, 50, 'Kg', 1, '2023-09-26 19:42:43');
INSERT INTO `products` (`id`, `category_id`, `sku`, `name`, `description`, `picture_name`, `price`, `current_discount`, `stock`, `product_unit`, `is_available`, `add_date`) VALUES
	(10, 1, 'BMS120283', 'Bawang Merah', NULL, 'product-9.jpg', 12000.00, 0.00, 20, 'Kg', 1, '2023-09-26 19:44:42');
INSERT INTO `products` (`id`, `category_id`, `sku`, `name`, `description`, `picture_name`, `price`, `current_discount`, `stock`, `product_unit`, `is_available`, `add_date`) VALUES
	(11, 1, 'URS13301', 'Ubi Rambat', NULL, 'product-4.jpg', 15000.00, 0.00, 3, 'Kg', 1, '2023-09-26 19:45:01');
INSERT INTO `products` (`id`, `category_id`, `sku`, `name`, `description`, `picture_name`, `price`, `current_discount`, `stock`, `product_unit`, `is_available`, `add_date`) VALUES
	(12, 1, 'BPS15347', 'Bawang Putih', NULL, 'product-111.jpg', 15000.00, 0.00, 5, 'Kg', 1, '2023-09-26 19:45:47');
INSERT INTO `products` (`id`, `category_id`, `sku`, `name`, `description`, `picture_name`, `price`, `current_discount`, `stock`, `product_unit`, `is_available`, `add_date`) VALUES
	(13, 1, 'KPS223370', 'Kacang Polong', NULL, 'product-3.jpg', 20000.00, 0.00, 23, 'Kg', 1, '2023-09-26 19:46:10');
INSERT INTO `products` (`id`, `category_id`, `sku`, `name`, `description`, `picture_name`, `price`, `current_discount`, `stock`, `product_unit`, `is_available`, `add_date`) VALUES
	(14, 1, 'CMS410424', 'Cabai Merah', NULL, 'product-121.jpg', 40000.00, 7000.00, 10, 'Kg', 1, '2023-09-26 19:47:04');
/*!40000 ALTER TABLE `products` ENABLE KEYS */;

-- Dumping structure for table sayur.product_category
CREATE TABLE IF NOT EXISTS `product_category` (
  `id` int(10) NOT NULL AUTO_INCREMENT,
  `name` varchar(191) NOT NULL,
  PRIMARY KEY (`id`)
) ENGINE=InnoDB AUTO_INCREMENT=3 DEFAULT CHARSET=utf8mb4;

-- Dumping data for table sayur.product_category: ~2 rows (approximately)
/*!40000 ALTER TABLE `product_category` DISABLE KEYS */;
INSERT INTO `product_category` (`id`, `name`) VALUES
	(1, 'Sayur');
INSERT INTO `product_category` (`id`, `name`) VALUES
	(2, 'Buah');
/*!40000 ALTER TABLE `product_category` ENABLE KEYS */;

-- Dumping structure for table sayur.reviews
CREATE TABLE IF NOT EXISTS `reviews` (
  `id` bigint(20) NOT NULL AUTO_INCREMENT,
  `user_id` bigint(20) unsigned DEFAULT NULL,
  `order_id` bigint(20) DEFAULT NULL,
  `title` varchar(191) DEFAULT NULL,
  `review_text` mediumtext NOT NULL,
  `review_date` datetime NOT NULL,
  `status` tinyint(1) NOT NULL DEFAULT '1',
  PRIMARY KEY (`id`),
  KEY `FK_reviews_users` (`user_id`),
  KEY `FK_reviews_orders` (`order_id`)
) ENGINE=InnoDB AUTO_INCREMENT=4 DEFAULT CHARSET=utf8mb4;

-- Dumping data for table sayur.reviews: ~2 rows (approximately)
/*!40000 ALTER TABLE `reviews` DISABLE KEYS */;
INSERT INTO `reviews` (`id`, `user_id`, `order_id`, `title`, `review_text`, `review_date`, `status`) VALUES
	(2, 7, 6, 'Sangat puas', 'Pengiriman cepat dan sayur segar', '2023-09-30 08:31:31', 1);
INSERT INTO `reviews` (`id`, `user_id`, `order_id`, `title`, `review_text`, `review_date`, `status`) VALUES
	(3, 7, 5, 'Buah segar', 'Buah segar dan kualitasnya sangat bagus', '2023-09-30 08:33:10', 1);
/*!40000 ALTER TABLE `reviews` ENABLE KEYS */;

-- Dumping structure for table sayur.settings
CREATE TABLE IF NOT EXISTS `settings` (
  `id` int(10) NOT NULL AUTO_INCREMENT,
  `key` varchar(32) NOT NULL,
  `content` text NOT NULL,
  PRIMARY KEY (`id`) USING BTREE
) ENGINE=InnoDB AUTO_INCREMENT=13 DEFAULT CHARSET=utf8mb4;

-- Dumping data for table sayur.settings: ~12 rows (approximately)
/*!40000 ALTER TABLE `settings` DISABLE KEYS */;
INSERT INTO `settings` (`id`, `key`, `content`) VALUES
	(1, 'current_theme_name', 'vegefoods');
INSERT INTO `settings` (`id`, `key`, `content`) VALUES
	(2, 'store_name', 'Sembako Lan/Apong');
INSERT INTO `settings` (`id`, `key`, `content`) VALUES
	(3, 'store_phone_number', '0853-7772-2028');
INSERT INTO `settings` (`id`, `key`, `content`) VALUES
	(4, 'store_email', 'sembakoapong@gmail.com');
INSERT INTO `settings` (`id`, `key`, `content`) VALUES
	(5, 'store_tagline', 'BELANJA SEMBAKO MANTAP 24 Jam');
INSERT INTO `settings` (`id`, `key`, `content`) VALUES
	(6, 'store_logo', 'Logo.png');
INSERT INTO `settings` (`id`, `key`, `content`) VALUES
	(7, 'max_product_image_size', '20000');
INSERT INTO `settings` (`id`, `key`, `content`) VALUES
	(8, 'store_description', 'Belanja Sembako dengan murah, mudah dan cepat');
INSERT INTO `settings` (`id`, `key`, `content`) VALUES
	(9, 'store_address', 'Jl. Serma wanar kelurahan besemah serasan kecamatan pagaralam selatan,kota pagar alam');
INSERT INTO `settings` (`id`, `key`, `content`) VALUES
	(10, 'min_shop_to_free_shipping_cost', '20000');
INSERT INTO `settings` (`id`, `key`, `content`) VALUES
	(11, 'shipping_cost', '3000');
INSERT INTO `settings` (`id`, `key`, `content`) VALUES
	(12, 'payment_banks', '{"bank-jago-xx":{"bank":"BANK JAGO xx","number":"123","name":"Martin Mulyo Syahidin"},"bank-jagoss":{"bank":"BANK JAGOss","number":"xs","name":"as"},"bank-jagossxx":{"bank":"BANK JAGOssxx","number":"asd","name":"Admin Koramil"}}');
/*!40000 ALTER TABLE `settings` ENABLE KEYS */;

-- Dumping structure for table sayur.users
CREATE TABLE IF NOT EXISTS `users` (
  `id` bigint(20) unsigned NOT NULL AUTO_INCREMENT,
  `name` varchar(50) COLLATE utf8mb4_unicode_ci DEFAULT NULL,
  `email` varchar(191) COLLATE utf8mb4_unicode_ci NOT NULL,
  `email_verified_at` timestamp NULL DEFAULT NULL,
  `username` varchar(16) COLLATE utf8mb4_unicode_ci NOT NULL,
  `password` varchar(191) COLLATE utf8mb4_unicode_ci NOT NULL,
  `profile_picture` varchar(128) COLLATE utf8mb4_unicode_ci DEFAULT NULL,
  `role` varchar(32) COLLATE utf8mb4_unicode_ci DEFAULT '0' COMMENT '1 = admin, 2 = customer',
  `register_date` datetime DEFAULT NULL,
  PRIMARY KEY (`id`) USING BTREE,
  UNIQUE KEY `users_email_unique` (`email`) USING BTREE
) ENGINE=InnoDB AUTO_INCREMENT=9 DEFAULT CHARSET=utf8mb4 COLLATE=utf8mb4_unicode_ci;

-- Dumping data for table sayur.users: ~3 rows (approximately)
/*!40000 ALTER TABLE `users` DISABLE KEYS */;
INSERT INTO `users` (`id`, `name`, `email`, `email_verified_at`, `username`, `password`, `profile_picture`, `role`, `register_date`) VALUES
	(1, 'Admin Toko Sayur', 'admin@local.test', NULL, 'admin', '$2y$10$Brm3RNWFKvZ1e0ej1vBz9.QbFMW21q0l/iDSt5aDOoGj9zlLFuxh6', 'agung1.png', 'admin', NULL);
INSERT INTO `users` (`id`, `name`, `email`, `email_verified_at`, `username`, `password`, `profile_picture`, `role`, `register_date`) VALUES
	(7, 'Customer Toko Sayur', 'customer@local.test', NULL, 'customer', '$2y$10$6C/A5Yy1gt4yhStWDWN1M.isBaznzDc.MZJdIj7UddW3.qIX5vDvK', NULL, 'customer', '2023-09-29 08:14:30');
INSERT INTO `users` (`id`, `name`, `email`, `email_verified_at`, `username`, `password`, `profile_picture`, `role`, `register_date`) VALUES
	(8, NULL, 'martinms.za@gmail.com', NULL, 'test', '$2y$10$gj4QxFnTj0dlpwJvT4aJiOM5UW6uCt7MdafC6VrnqsKDi0/JKmsLS', NULL, 'customer', '2021-05-07 10:25:08');
/*!40000 ALTER TABLE `users` ENABLE KEYS */;

/*!40101 SET SQL_MODE=IFNULL(@OLD_SQL_MODE, '') */;
/*!40014 SET FOREIGN_KEY_CHECKS=IFNULL(@OLD_FOREIGN_KEY_CHECKS, 1) */;
/*!40101 SET CHARACTER_SET_CLIENT=@OLD_CHARACTER_SET_CLIENT */;
/*!40111 SET SQL_NOTES=IFNULL(@OLD_SQL_NOTES, 1) */;
